MM:DD:YYYY hh:mm:ss,Library_Version,Session_type,Device_Number,Battery_Voltage,Motor_Turns,FR,Event,Active_Poke,Left_Poke_Count,Right_Poke_Count,Pellet_Count,Block_Pellet_Count,Retrieval_Time,InterPelletInterval,Poke_Time
9/7/2025 20:24:34,1.16.3,FR1 Left,0,3.88,nan,1,Left,Left,1,0,0,0,nan,nan,0.16
9/7/2025 20:24:35,1.16.3,FR1 Left,0,3.88,1,1,Pellet,Left,1,0,1,0,0.06,nan,nan
9/8/2025 1:02:19,1.16.3,FR1 Left,0,3.88,nan,1,Left,Left,2,0,1,0,nan,nan,0.23
9/8/2025 1:03:25,1.16.3,FR1 Left,0,3.88,1,1,Pellet,Left,2,0,2,0,Timed_out,16730,nan
9/8/2025 1:04:34,1.16.3,FR1 Left,0,3.88,nan,1,Left,Left,3,0,2,0,nan,nan,0.00
9/8/2025 1:04:39,1.16.3,FR1 Left,0,3.88,1,1,Pellet,Left,3,0,3,0,4.22,74,nan
9/8/2025 3:20:13,1.16.3,FR1 Left,0,3.87,nan,1,Left,Left,4,0,3,0,nan,nan,0.01
9/8/2025 3:24:04,1.16.3,FR1 Left,0,3.87,nan,1,RightWithPellet,Left,4,1,3,0,nan,nan,0.11
9/8/2025 3:43:34,1.16.3,FR1 Left,0,3.87,1,1,Pellet,Left,4,1,4,0,Timed_out,9535,nan
9/8/2025 4:27:03,1.16.3,FR1 Left,0,3.87,nan,1,Right,Left,4,2,4,0,nan,nan,0.26
9/8/2025 4:36:10,1.16.3,FR1 Left,0,3.87,nan,1,Right,Left,4,3,4,0,nan,nan,0.34
9/8/2025 5:25:49,1.16.3,FR1 Left,0,3.87,nan,1,Left,Left,5,3,4,0,nan,nan,0.03
9/8/2025 5:40:31,1.16.3,FR1 Left,0,3.87,1,1,Pellet,Left,5,3,5,0,Timed_out,7017,nan
9/8/2025 13:28:24,1.16.3,FR1 Left,0,3.86,nan,1,Left,Left,6,3,5,0,nan,nan,0.00
9/8/2025 13:28:33,1.16.3,FR1 Left,0,3.87,1,1,Pellet,Left,6,3,6,0,8.28,28082,nan
9/8/2025 14:01:05,1.16.3,FR1 Left,0,3.86,nan,1,Left,Left,7,3,6,0,nan,nan,0.12
9/8/2025 14:01:11,1.16.3,FR1 Left,0,3.86,1,1,Pellet,Left,7,3,7,0,5.75,1958,nan
9/8/2025 20:43:48,1.16.3,FR1 Left,0,3.85,nan,1,Left,Left,8,3,7,0,nan,nan,0.26
9/8/2025 20:43:49,1.16.3,FR1 Left,0,3.85,1,1,Pellet,Left,8,3,8,0,0.06,24158,nan
9/9/2025 4:48:21,1.16.3,FR1 Left,0,3.84,nan,1,Left,Left,9,3,8,0,nan,nan,0.00
9/9/2025 4:48:22,1.16.3,FR1 Left,0,3.85,1,1,Pellet,Left,9,3,9,0,0.06,29072,nan
9/9/2025 4:49:30,1.16.3,FR1 Left,0,3.85,nan,1,Left,Left,10,3,9,0,nan,nan,0.02
9/9/2025 4:49:31,1.16.3,FR1 Left,0,3.84,1,1,Pellet,Left,10,3,10,0,0.06,69,nan
9/9/2025 4:51:52,1.16.3,FR1 Left,0,3.85,nan,1,Right,Left,10,4,10,0,nan,nan,0.64
9/9/2025 4:53:41,1.16.3,FR1 Left,0,3.85,nan,1,Left,Left,11,4,10,0,nan,nan,0.06
9/9/2025 4:53:44,1.16.3,FR1 Left,0,3.84,1,1,Pellet,Left,11,4,11,0,1.71,254,nan
9/9/2025 4:55:08,1.16.3,FR1 Left,0,3.84,nan,1,Left,Left,12,4,11,0,nan,nan,0.25
9/9/2025 4:55:09,1.16.3,FR1 Left,0,3.85,1,1,Pellet,Left,12,4,12,0,0.06,85,nan
9/9/2025 4:55:57,1.16.3,FR1 Left,0,3.84,nan,1,Left,Left,13,4,12,0,nan,nan,0.01
9/9/2025 4:55:58,1.16.3,FR1 Left,0,3.85,1,1,Pellet,Left,13,4,13,0,0.06,49,nan
9/9/2025 4:56:45,1.16.3,FR1 Left,0,3.84,nan,1,Left,Left,14,4,13,0,nan,nan,0.28
9/9/2025 4:56:46,1.16.3,FR1 Left,0,3.84,1,1,Pellet,Left,14,4,14,0,0.61,48,nan
9/9/2025 4:57:50,1.16.3,FR1 Left,0,3.84,nan,1,Left,Left,15,4,14,0,nan,nan,0.21
9/9/2025 4:57:50,1.16.3,FR1 Left,0,3.85,1,1,Pellet,Left,15,4,15,0,0.06,64,nan
9/9/2025 4:58:28,1.16.3,FR1 Left,0,3.85,nan,1,Left,Left,16,4,15,0,nan,nan,0.26
9/9/2025 4:58:30,1.16.3,FR1 Left,0,3.84,1,1,Pellet,Left,16,4,16,0,1.03,40,nan
9/9/2025 4:59:06,1.16.3,FR1 Left,0,3.85,nan,1,Left,Left,17,4,16,0,nan,nan,0.15
9/9/2025 4:59:07,1.16.3,FR1 Left,0,3.84,1,1,Pellet,Left,17,4,17,0,0.06,37,nan
9/9/2025 4:59:36,1.16.3,FR1 Left,0,3.85,nan,1,Left,Left,18,4,17,0,nan,nan,0.09
9/9/2025 4:59:38,1.16.3,FR1 Left,0,3.84,1,1,Pellet,Left,18,4,18,0,1.65,31,nan
9/9/2025 5:00:06,1.16.3,FR1 Left,0,3.84,nan,1,Left,Left,19,4,18,0,nan,nan,0.14
9/9/2025 5:00:07,1.16.3,FR1 Left,0,3.84,1,1,Pellet,Left,19,4,19,0,0.55,29,nan
9/9/2025 5:00:31,1.16.3,FR1 Left,0,3.84,nan,1,Left,Left,20,4,19,0,nan,nan,0.13
9/9/2025 5:00:33,1.16.3,FR1 Left,0,3.84,1,1,Pellet,Left,20,4,20,0,0.67,26,nan
9/9/2025 5:00:56,1.16.3,FR1 Left,0,3.84,nan,1,Left,Left,21,4,20,0,nan,nan,0.14
9/9/2025 5:00:57,1.16.3,FR1 Left,0,3.84,1,1,Pellet,Left,21,4,21,0,0.06,24,nan
9/9/2025 5:01:20,1.16.3,FR1 Left,0,3.84,nan,1,Left,Left,22,4,21,0,nan,nan,0.00
9/9/2025 5:01:21,1.16.3,FR1 Left,0,3.84,1,1,Pellet,Left,22,4,22,0,0.48,24,nan
9/9/2025 5:01:53,1.16.3,FR1 Left,0,3.84,nan,1,Left,Left,23,4,22,0,nan,nan,0.35
9/9/2025 5:01:56,1.16.3,FR1 Left,0,3.84,1,1,Pellet,Left,23,4,23,0,1.59,34,nan
9/9/2025 5:02:21,1.16.3,FR1 Left,0,3.85,nan,1,Left,Left,24,4,23,0,nan,nan,0.13
9/9/2025 5:02:23,1.16.3,FR1 Left,0,3.84,1,1,Pellet,Left,24,4,24,0,1.16,28,nan
9/9/2025 5:02:48,1.16.3,FR1 Left,0,3.84,nan,1,Left,Left,25,4,24,0,nan,nan,0.13
9/9/2025 5:02:49,1.16.3,FR1 Left,0,3.84,2,1,Pellet,Left,25,4,25,0,0.12,26,nan
9/9/2025 5:04:26,1.16.3,FR1 Left,0,3.84,nan,1,Left,Left,26,4,25,0,nan,nan,0.12
9/9/2025 5:04:27,1.16.3,FR1 Left,0,3.84,1,1,Pellet,Left,26,4,26,0,0.06,97,nan
9/9/2025 5:04:52,1.16.3,FR1 Left,0,3.84,nan,1,Left,Left,27,4,26,0,nan,nan,0.00
9/9/2025 5:04:54,1.16.3,FR1 Left,0,3.84,1,1,Pellet,Left,27,4,27,0,0.61,28,nan
9/9/2025 5:05:17,1.16.3,FR1 Left,0,3.84,nan,1,Left,Left,28,4,27,0,nan,nan,0.20
9/9/2025 5:05:18,1.16.3,FR1 Left,0,3.84,1,1,Pellet,Left,28,4,28,0,0.24,24,nan
9/9/2025 5:05:50,1.16.3,FR1 Left,0,3.84,nan,1,Left,Left,29,4,28,0,nan,nan,0.00
9/9/2025 5:05:50,1.16.3,FR1 Left,0,3.85,1,1,Pellet,Left,29,4,29,0,0.06,32,nan
9/9/2025 5:06:22,1.16.3,FR1 Left,0,3.85,nan,1,Left,Left,30,4,29,0,nan,nan,0.00
9/9/2025 5:06:24,1.16.3,FR1 Left,0,3.84,1,1,Pellet,Left,30,4,30,0,0.97,34,nan
9/9/2025 5:06:54,1.16.3,FR1 Left,0,3.85,nan,1,Left,Left,31,4,30,0,nan,nan,0.52
9/9/2025 5:06:56,1.16.3,FR1 Left,0,3.85,1,1,Pellet,Left,31,4,31,0,0.36,32,nan
9/9/2025 5:07:37,1.16.3,FR1 Left,0,3.84,nan,1,Left,Left,32,4,31,0,nan,nan,0.19
9/9/2025 5:07:38,1.16.3,FR1 Left,0,3.84,1,1,Pellet,Left,32,4,32,0,0.24,42,nan
9/9/2025 5:08:09,1.16.3,FR1 Left,0,3.84,nan,1,Left,Left,33,4,32,0,nan,nan,0.00
9/9/2025 5:08:10,1.16.3,FR1 Left,0,3.84,2,1,Pellet,Left,33,4,33,0,0.06,32,nan
9/9/2025 5:08:39,1.16.3,FR1 Left,0,3.84,nan,1,Left,Left,34,4,33,0,nan,nan,0.00
9/9/2025 5:08:40,1.16.3,FR1 Left,0,3.85,1,1,Pellet,Left,34,4,34,0,0.36,30,nan
9/9/2025 5:09:17,1.16.3,FR1 Left,0,3.84,nan,1,Left,Left,35,4,34,0,nan,nan,0.10
9/9/2025 5:09:21,1.16.3,FR1 Left,0,3.84,2,1,Pellet,Left,35,4,35,0,1.22,41,nan
9/9/2025 5:09:41,1.16.3,FR1 Left,0,3.84,nan,1,Left,Left,36,4,35,0,nan,nan,0.00
9/9/2025 5:09:42,1.16.3,FR1 Left,0,3.84,1,1,Pellet,Left,36,4,36,0,0.55,21,nan
9/9/2025 5:12:34,1.16.3,FR1 Left,0,3.84,nan,1,Left,Left,37,4,36,0,nan,nan,0.00
9/9/2025 5:12:35,1.16.3,FR1 Left,0,3.85,1,1,Pellet,Left,37,4,37,0,0.67,173,nan
9/9/2025 5:13:06,1.16.3,FR1 Left,0,3.85,nan,1,Left,Left,38,4,37,0,nan,nan,0.00
9/9/2025 5:13:08,1.16.3,FR1 Left,0,3.84,1,1,Pellet,Left,38,4,38,0,0.42,32,nan
9/9/2025 5:13:37,1.16.3,FR1 Left,0,3.84,nan,1,Left,Left,39,4,38,0,nan,nan,0.00
9/9/2025 5:13:39,1.16.3,FR1 Left,0,3.84,1,1,Pellet,Left,39,4,39,0,0.55,32,nan
9/9/2025 5:14:05,1.16.3,FR1 Left,0,3.84,nan,1,Left,Left,40,4,39,0,nan,nan,0.16
9/9/2025 5:14:06,1.16.3,FR1 Left,0,3.84,1,1,Pellet,Left,40,4,40,0,0.42,27,nan
9/9/2025 5:18:25,1.16.3,FR1 Left,0,3.84,nan,1,Left,Left,41,4,40,0,nan,nan,0.02
9/9/2025 5:18:26,1.16.3,FR1 Left,0,3.84,2,1,Pellet,Left,41,4,41,0,0.06,260,nan
9/9/2025 5:18:30,1.16.3,FR1 Left,0,3.84,nan,1,Left,Left,42,4,41,0,nan,nan,0.17
9/9/2025 5:39:56,1.16.3,FR1 Left,0,3.85,1,1,Pellet,Left,42,4,42,0,Timed_out,1290,nan
9/9/2025 5:41:26,1.16.3,FR1 Left,0,3.84,nan,1,Left,Left,43,4,42,0,nan,nan,0.15
9/9/2025 5:41:26,1.16.3,FR1 Left,0,3.84,1,1,Pellet,Left,43,4,43,0,0.06,90,nan
9/9/2025 5:42:10,1.16.3,FR1 Left,0,3.84,nan,1,Left,Left,44,4,43,0,nan,nan,0.11
9/9/2025 5:42:12,1.16.3,FR1 Left,0,3.85,1,1,Pellet,Left,44,4,44,0,1.03,46,nan
9/9/2025 5:42:53,1.16.3,FR1 Left,0,3.85,nan,1,Left,Left,45,4,44,0,nan,nan,0.00
9/9/2025 5:42:54,1.16.3,FR1 Left,0,3.84,1,1,Pellet,Left,45,4,45,0,0.42,42,nan
9/9/2025 5:43:27,1.16.3,FR1 Left,0,3.84,nan,1,Left,Left,46,4,45,0,nan,nan,0.10
9/9/2025 5:43:29,1.16.3,FR1 Left,0,3.84,1,1,Pellet,Left,46,4,46,0,0.42,35,nan
9/9/2025 5:44:03,1.16.3,FR1 Left,0,3.84,nan,1,Left,Left,47,4,46,0,nan,nan,0.00
9/9/2025 5:44:05,1.16.3,FR1 Left,0,3.84,1,1,Pellet,Left,47,4,47,0,0.61,36,nan
9/9/2025 5:44:34,1.16.3,FR1 Left,0,3.84,nan,1,Left,Left,48,4,47,0,nan,nan,0.00
9/9/2025 5:44:36,1.16.3,FR1 Left,0,3.85,1,1,Pellet,Left,48,4,48,0,0.55,31,nan
9/9/2025 5:45:03,1.16.3,FR1 Left,0,3.84,nan,1,Left,Left,49,4,48,0,nan,nan,0.02
9/9/2025 5:45:07,1.16.3,FR1 Left,0,3.84,2,1,Pellet,Left,49,4,49,0,1.28,31,nan
9/9/2025 5:45:40,1.16.3,FR1 Left,0,3.84,nan,1,Left,Left,50,4,49,0,nan,nan,0.00
9/9/2025 5:45:41,1.16.3,FR1 Left,0,3.84,1,1,Pellet,Left,50,4,50,0,0.30,34,nan
9/9/2025 5:46:13,1.16.3,FR1 Left,0,3.84,nan,1,Left,Left,51,4,50,0,nan,nan,0.09
9/9/2025 5:46:14,1.16.3,FR1 Left,0,3.84,1,1,Pellet,Left,51,4,51,0,0.06,33,nan
9/9/2025 5:46:46,1.16.3,FR1 Left,0,3.84,nan,1,Left,Left,52,4,51,0,nan,nan,0.13
9/9/2025 5:46:48,1.16.3,FR1 Left,0,3.84,1,1,Pellet,Left,52,4,52,0,1.03,34,nan
9/9/2025 5:47:27,1.16.3,FR1 Left,0,3.84,nan,1,Left,Left,53,4,52,0,nan,nan,0.13
9/9/2025 5:47:28,1.16.3,FR1 Left,0,3.84,1,1,Pellet,Left,53,4,53,0,0.42,40,nan
9/9/2025 5:48:48,1.16.3,FR1 Left,0,3.85,nan,1,Left,Left,54,4,53,0,nan,nan,0.11
9/9/2025 5:48:49,1.16.3,FR1 Left,0,3.84,1,1,Pellet,Left,54,4,54,0,0.06,81,nan
9/9/2025 5:49:24,1.16.3,FR1 Left,0,3.84,nan,1,Left,Left,55,4,54,0,nan,nan,0.07
9/9/2025 5:49:26,1.16.3,FR1 Left,0,3.84,2,1,Pellet,Left,55,4,55,0,0.06,37,nan
9/9/2025 5:50:00,1.16.3,FR1 Left,0,3.85,nan,1,Left,Left,56,4,55,0,nan,nan,0.17
9/9/2025 5:50:00,1.16.3,FR1 Left,0,3.84,1,1,Pellet,Left,56,4,56,0,0.06,34,nan
9/9/2025 5:50:23,1.16.3,FR1 Left,0,3.84,nan,1,Left,Left,57,4,56,0,nan,nan,0.15
9/9/2025 5:50:24,1.16.3,FR1 Left,0,3.84,1,1,Pellet,Left,57,4,57,0,0.55,24,nan
9/9/2025 5:50:58,1.16.3,FR1 Left,0,3.84,nan,1,Left,Left,58,4,57,0,nan,nan,0.03
9/9/2025 5:50:59,1.16.3,FR1 Left,0,3.84,1,1,Pellet,Left,58,4,58,0,0.55,35,nan
9/9/2025 5:51:27,1.16.3,FR1 Left,0,3.84,nan,1,Left,Left,59,4,58,0,nan,nan,0.22
9/9/2025 5:51:29,1.16.3,FR1 Left,0,3.84,1,1,Pellet,Left,59,4,59,0,0.85,30,nan
9/9/2025 5:51:56,1.16.3,FR1 Left,0,3.84,nan,1,Left,Left,60,4,59,0,nan,nan,0.14
9/9/2025 5:51:58,1.16.3,FR1 Left,0,3.84,1,1,Pellet,Left,60,4,60,0,0.48,29,nan
9/9/2025 5:52:30,1.16.3,FR1 Left,0,3.84,nan,1,Left,Left,61,4,60,0,nan,nan,0.15
9/9/2025 5:52:31,1.16.3,FR1 Left,0,3.84,1,1,Pellet,Left,61,4,61,0,0.36,33,nan
9/9/2025 5:52:57,1.16.3,FR1 Left,0,3.84,nan,1,Left,Left,62,4,61,0,nan,nan,0.13
9/9/2025 5:52:58,1.16.3,FR1 Left,0,3.84,1,1,Pellet,Left,62,4,62,0,0.36,27,nan
9/9/2025 5:53:27,1.16.3,FR1 Left,0,3.84,nan,1,Left,Left,63,4,62,0,nan,nan,0.18
9/9/2025 5:53:28,1.16.3,FR1 Left,0,3.84,1,1,Pellet,Left,63,4,63,0,0.06,30,nan
9/9/2025 5:54:04,1.16.3,FR1 Left,0,3.84,nan,1,Left,Left,64,4,63,0,nan,nan,0.12
9/9/2025 5:54:05,1.16.3,FR1 Left,0,3.84,1,1,Pellet,Left,64,4,64,0,0.24,37,nan
9/9/2025 5:54:28,1.16.3,FR1 Left,0,3.85,nan,1,Left,Left,65,4,64,0,nan,nan,0.12
9/9/2025 5:54:29,1.16.3,FR1 Left,0,3.84,1,1,Pellet,Left,65,4,65,0,0.36,24,nan
9/9/2025 5:54:37,1.16.3,FR1 Left,0,3.84,nan,1,Left,Left,66,4,65,0,nan,nan,0.18
9/9/2025 5:54:40,1.16.3,FR1 Left,0,3.84,nan,1,LeftWithPellet,Left,67,4,65,0,nan,nan,0.16
9/9/2025 7:25:46,1.16.3,FR1 Left,0,3.84,1,1,Pellet,Left,67,4,66,0,Timed_out,5477,nan
9/9/2025 7:27:44,1.16.3,FR1 Left,0,3.83,nan,1,Left,Left,68,4,66,0,nan,nan,0.03
9/9/2025 7:27:45,1.16.3,FR1 Left,0,3.83,1,1,Pellet,Left,68,4,67,0,0.06,118,nan
9/9/2025 7:27:48,1.16.3,FR1 Left,0,3.84,nan,1,Left,Left,69,4,67,0,nan,nan,0.03
9/9/2025 7:30:57,1.16.3,FR1 Left,0,3.83,1,1,Pellet,Left,69,4,68,0,Timed_out,193,nan
9/9/2025 7:32:17,1.16.3,FR1 Left,0,3.84,nan,1,Left,Left,70,4,68,0,nan,nan,0.03
9/9/2025 7:32:18,1.16.3,FR1 Left,0,3.84,1,1,Pellet,Left,70,4,69,0,0.85,81,nan
9/9/2025 7:33:00,1.16.3,FR1 Left,0,3.84,nan,1,Left,Left,71,4,69,0,nan,nan,0.15
9/9/2025 7:33:02,1.16.3,FR1 Left,0,3.84,1,1,Pellet,Left,71,4,70,0,0.36,44,nan
9/9/2025 7:33:46,1.16.3,FR1 Left,0,3.84,nan,1,Left,Left,72,4,70,0,nan,nan,0.14
9/9/2025 7:33:47,1.16.3,FR1 Left,0,3.84,1,1,Pellet,Left,72,4,71,0,0.67,45,nan
9/9/2025 7:34:21,1.16.3,FR1 Left,0,3.84,nan,1,Left,Left,73,4,71,0,nan,nan,0.22
9/9/2025 7:34:24,1.16.3,FR1 Left,0,3.83,2,1,Pellet,Left,73,4,72,0,0.06,36,nan
9/9/2025 7:34:55,1.16.3,FR1 Left,0,3.83,nan,1,Left,Left,74,4,72,0,nan,nan,0.00
9/9/2025 7:34:57,1.16.3,FR1 Left,0,3.84,1,1,Pellet,Left,74,4,73,0,0.55,34,nan
9/9/2025 7:35:40,1.16.3,FR1 Left,0,3.84,nan,1,Left,Left,75,4,73,0,nan,nan,0.00
9/9/2025 7:35:42,1.16.3,FR1 Left,0,3.83,1,1,Pellet,Left,75,4,74,0,0.79,45,nan
9/9/2025 7:36:09,1.16.3,FR1 Left,0,3.83,nan,1,Left,Left,76,4,74,0,nan,nan,0.04
9/9/2025 7:36:11,1.16.3,FR1 Left,0,3.84,1,1,Pellet,Left,76,4,75,0,0.73,29,nan
9/9/2025 7:36:39,1.16.3,FR1 Left,0,3.84,nan,1,Left,Left,77,4,75,0,nan,nan,0.03
9/9/2025 7:36:40,1.16.3,FR1 Left,0,3.83,1,1,Pellet,Left,77,4,76,0,0.42,29,nan
9/9/2025 7:37:11,1.16.3,FR1 Left,0,3.84,nan,1,Left,Left,78,4,76,0,nan,nan,0.00
9/9/2025 7:37:12,1.16.3,FR1 Left,0,3.83,1,1,Pellet,Left,78,4,77,0,0.06,32,nan
9/9/2025 7:37:16,1.16.3,FR1 Left,0,3.83,nan,1,Left,Left,79,4,77,0,nan,nan,0.03
9/9/2025 9:42:49,1.16.3,FR1 Left,0,3.84,nan,1,RightWithPellet,Left,79,5,77,0,nan,nan,0.05
9/9/2025 9:47:25,1.16.3,FR1 Left,0,3.83,nan,1,LeftWithPellet,Left,80,5,77,0,nan,nan,0.03
9/9/2025 9:48:20,1.16.3,FR1 Left,0,3.83,1,1,Pellet,Left,80,5,78,0,Timed_out,7868,nan
9/9/2025 10:06:33,1.16.3,FR1 Left,0,3.83,nan,1,Left,Left,81,5,78,0,nan,nan,0.02
9/9/2025 10:09:52,1.16.3,FR1 Left,0,3.83,1,1,Pellet,Left,81,5,79,0,Timed_out,1292,nan
9/9/2025 11:51:31,1.16.3,FR1 Left,0,3.83,nan,1,Right,Left,81,6,79,0,nan,nan,0.17
9/9/2025 11:56:06,1.16.3,FR1 Left,0,3.83,nan,1,Left,Left,82,6,79,0,nan,nan,0.03
9/9/2025 11:56:08,1.16.3,FR1 Left,0,3.83,1,1,Pellet,Left,82,6,80,0,0.73,6375,nan
9/9/2025 11:57:09,1.16.3,FR1 Left,0,3.83,nan,1,Left,Left,83,6,80,0,nan,nan,0.04
9/9/2025 11:57:10,1.16.3,FR1 Left,0,3.83,1,1,Pellet,Left,83,6,81,0,0.36,63,nan
9/9/2025 11:58:01,1.16.3,FR1 Left,0,3.83,nan,1,Left,Left,84,6,81,0,nan,nan,0.00
9/9/2025 11:58:02,1.16.3,FR1 Left,0,3.83,1,1,Pellet,Left,84,6,82,0,0.55,52,nan
9/9/2025 11:58:55,1.16.3,FR1 Left,0,3.83,nan,1,Left,Left,85,6,82,0,nan,nan,0.02
9/9/2025 11:58:56,1.16.3,FR1 Left,0,3.83,1,1,Pellet,Left,85,6,83,0,0.06,54,nan
9/9/2025 12:00:18,1.16.3,FR1 Left,0,3.83,nan,1,Left,Left,86,6,83,0,nan,nan,0.06
9/9/2025 12:00:19,1.16.3,FR1 Left,0,3.83,1,1,Pellet,Left,86,6,84,0,0.06,82,nan
9/9/2025 12:07:19,1.16.3,FR1 Left,0,3.83,nan,1,Left,Left,87,6,84,0,nan,nan,0.21
9/9/2025 12:59:13,1.16.3,FR1 Left,0,3.83,1,1,Pellet,Left,87,6,85,0,Timed_out,3535,nan
9/9/2025 13:00:08,1.16.3,FR1 Left,0,3.83,nan,1,Left,Left,88,6,85,0,nan,nan,0.03
9/9/2025 13:00:09,1.16.3,FR1 Left,0,3.83,1,1,Pellet,Left,88,6,86,0,0.06,56,nan
9/9/2025 13:02:11,1.16.3,FR1 Left,0,3.83,nan,1,Left,Left,89,6,86,0,nan,nan,0.14
9/9/2025 13:02:12,1.16.3,FR1 Left,0,3.83,1,1,Pellet,Left,89,6,87,0,0.73,123,nan
9/9/2025 13:02:49,1.16.3,FR1 Left,0,3.83,nan,1,Left,Left,90,6,87,0,nan,nan,0.00
9/9/2025 13:02:49,1.16.3,FR1 Left,0,3.83,nan,1,LeftDuringDispense,Left,91,6,87,0,nan,nan,0.07
9/9/2025 13:02:53,1.16.3,FR1 Left,0,3.83,2,1,Pellet,Left,91,6,88,0,0.36,40,nan
9/9/2025 13:03:30,1.16.3,FR1 Left,0,3.83,nan,1,Left,Left,92,6,88,0,nan,nan,0.03
9/9/2025 13:03:31,1.16.3,FR1 Left,0,3.83,1,1,Pellet,Left,92,6,89,0,0.48,39,nan
9/9/2025 13:04:08,1.16.3,FR1 Left,0,3.83,nan,1,Left,Left,93,6,89,0,nan,nan,0.00
9/9/2025 13:04:09,1.16.3,FR1 Left,0,3.83,1,1,Pellet,Left,93,6,90,0,0.42,38,nan
9/9/2025 13:04:43,1.16.3,FR1 Left,0,3.83,nan,1,Left,Left,94,6,90,0,nan,nan,0.04
9/9/2025 13:04:45,1.16.3,FR1 Left,0,3.83,1,1,Pellet,Left,94,6,91,0,0.79,36,nan
9/9/2025 13:05:25,1.16.3,FR1 Left,0,3.83,nan,1,Left,Left,95,6,91,0,nan,nan,0.00
9/9/2025 13:05:26,1.16.3,FR1 Left,0,3.82,1,1,Pellet,Left,95,6,92,0,0.36,41,nan
9/9/2025 13:05:58,1.16.3,FR1 Left,0,3.83,nan,1,Left,Left,96,6,92,0,nan,nan,0.00
9/9/2025 13:06:00,1.16.3,FR1 Left,0,3.83,1,1,Pellet,Left,96,6,93,0,0.73,34,nan
9/9/2025 13:06:34,1.16.3,FR1 Left,0,3.83,nan,1,Left,Left,97,6,93,0,nan,nan,0.08
9/9/2025 13:06:35,1.16.3,FR1 Left,0,3.83,1,1,Pellet,Left,97,6,94,0,0.06,35,nan
9/9/2025 13:07:04,1.16.3,FR1 Left,0,3.83,nan,1,Left,Left,98,6,94,0,nan,nan,0.03
9/9/2025 13:07:06,1.16.3,FR1 Left,0,3.83,1,1,Pellet,Left,98,6,95,0,0.97,31,nan
9/9/2025 13:07:12,1.16.3,FR1 Left,0,3.83,nan,1,Left,Left,99,6,95,0,nan,nan,0.23
9/9/2025 13:07:12,1.16.3,FR1 Left,0,3.83,1,1,Pellet,Left,99,6,96,0,0.06,6,nan
9/9/2025 15:20:57,1.16.3,FR1 Left,0,3.83,nan,1,Left,Left,100,6,96,0,nan,nan,0.16
9/9/2025 15:20:58,1.16.3,FR1 Left,0,3.83,1,1,Pellet,Left,100,6,97,0,0.48,8026,nan
9/9/2025 15:22:01,1.16.3,FR1 Left,0,3.83,nan,1,Left,Left,101,6,97,0,nan,nan,0.00
9/9/2025 15:22:03,1.16.3,FR1 Left,0,3.83,1,1,Pellet,Left,101,6,98,0,0.79,65,nan
9/9/2025 15:22:27,1.16.3,FR1 Left,0,3.83,nan,1,Left,Left,102,6,98,0,nan,nan,0.00
9/9/2025 15:22:28,1.16.3,FR1 Left,0,3.83,1,1,Pellet,Left,102,6,99,0,0.55,25,nan
9/9/2025 15:22:55,1.16.3,FR1 Left,0,3.83,nan,1,Left,Left,103,6,99,0,nan,nan,0.15
9/9/2025 15:22:56,1.16.3,FR1 Left,0,3.83,1,1,Pellet,Left,103,6,100,0,0.61,28,nan
9/9/2025 15:23:28,1.16.3,FR1 Left,0,3.83,nan,1,Left,Left,104,6,100,0,nan,nan,0.00
9/9/2025 15:23:29,1.16.3,FR1 Left,0,3.83,1,1,Pellet,Left,104,6,101,0,0.91,33,nan
9/9/2025 15:24:02,1.16.3,FR1 Left,0,3.83,nan,1,Left,Left,105,6,101,0,nan,nan,0.12
9/9/2025 15:24:03,1.16.3,FR1 Left,0,3.83,1,1,Pellet,Left,105,6,102,0,0.06,34,nan
9/9/2025 15:24:39,1.16.3,FR1 Left,0,3.83,nan,1,Left,Left,106,6,102,0,nan,nan,0.05
9/9/2025 15:24:41,1.16.3,FR1 Left,0,3.83,1,1,Pellet,Left,106,6,103,0,0.73,38,nan
9/9/2025 16:21:18,1.16.3,FR1 Left,0,3.83,nan,1,Left,Left,107,6,103,0,nan,nan,0.17
9/9/2025 16:21:20,1.16.3,FR1 Left,0,3.83,1,1,Pellet,Left,107,6,104,0,1.03,3399,nan
9/9/2025 16:22:02,1.16.3,FR1 Left,0,3.83,nan,1,Left,Left,108,6,104,0,nan,nan,0.04
9/9/2025 16:22:03,1.16.3,FR1 Left,0,3.83,1,1,Pellet,Left,108,6,105,0,0.06,43,nan
9/9/2025 16:22:43,1.16.3,FR1 Left,0,3.83,nan,1,Left,Left,109,6,105,0,nan,nan,0.00
9/9/2025 16:22:44,1.16.3,FR1 Left,0,3.82,2,1,Pellet,Left,109,6,106,0,0.48,41,nan
9/9/2025 16:23:12,1.16.3,FR1 Left,0,3.83,nan,1,Left,Left,110,6,106,0,nan,nan,0.02
9/9/2025 16:23:13,1.16.3,FR1 Left,0,3.82,1,1,Pellet,Left,110,6,107,0,0.06,28,nan
9/9/2025 16:23:43,1.16.3,FR1 Left,0,3.83,nan,1,Left,Left,111,6,107,0,nan,nan,0.00
9/9/2025 16:23:45,1.16.3,FR1 Left,0,3.82,1,1,Pellet,Left,111,6,108,0,0.73,33,nan
